id,first_name,last_name,email,gender,ip_address
1,Bone,Monger,bmonger0@cdbaby.com,Male,86.58.35.240
2,Winny,Sells,wsells1@irs.gov,Female,254.104.212.119
3,Valentin,Satterly,vsatterly2@springer.com,Male,193.185.139.198
4,Care,Gotcliff,cgotcliff3@apple.com,Male,128.109.106.55
5,Roch,Stawell,rstawell4@webmd.com,Female,210.113.241.219
6,Simonette,Rogier,srogier5@mozilla.com,Female,7.89.78.126
7,Micky,Fulks,mfulks6@bing.com,Male,95.34.28.226
8,Tine,Fayre,tfayre7@kickstarter.com,Female,161.217.17.125
9,Mohandas,Muzzlewhite,mmuzzlewhite8@amazonaws.com,Male,87.136.122.210
10,Katrinka,Koppeck,kkoppeck9@t-online.de,Female,15.207.18.225
11,Audrey,Thorowgood,athorowgooda@mayoclinic.com,Female,166.150.158.203
12,Aurore,Donati,adonatib@spotify.com,Female,91.92.111.145
13,Phaidra,Hiers,phiersc@shareasale.com,Female,157.108.14.230
14,Theresita,Cullity,tcullityd@acquirethisname.com,Female,158.125.209.113
15,Quincy,McGinty,qmcgintye@ibm.com,Male,184.147.212.250
16,Coraline,Giddings,cgiddingsf@cargocollective.com,Female,166.73.52.132
17,Dawna,Dreghorn,ddreghorng@dedecms.com,Female,204.213.11.224
18,Mar,Parsall,mparsallh@furl.net,Male,155.235.199.217
19,Niko,Crotty,ncrottyi@bloglovin.com,Male,200.3.72.233
20,Monique,Genny,mgennyj@unicef.org,Female,143.105.187.196
21,Starlene,Inold,sinoldk@blinklist.com,Female,15.15.182.110
22,Caren,Pasterfield,cpasterfieldl@1688.com,Female,201.181.138.37
23,Ashien,Larkcum,alarkcumm@army.mil,Female,64.45.124.250
24,Ludovika,Brekonridge,lbrekonridgen@howstuffworks.com,Female,147.219.109.200
25,Barbara,Padrick,bpadricko@webmd.com,Female,153.253.24.83
26,Bengt,Daulby,bdaulbyp@simplemachines.org,Male,146.216.61.248
27,Gavra,Loach,gloachq@sciencedaily.com,Female,153.123.133.104
28,Alia,Ives,aivesr@weather.com,Female,195.200.253.132
29,Alice,Thyng,athyngs@deviantart.com,Female,61.136.227.230
30,Frederic,Tobias,ftobiast@privacy.gov.au,Male,60.96.139.219
31,Gideon,Sprowles,gsprowlesu@xing.com,Male,34.2.28.142
32,Trev,Deverock,tdeverockv@youku.com,Male,107.42.154.77
33,Kizzie,Madigan,kmadiganw@canalblog.com,Female,169.123.164.105
34,Claudian,Lefeuvre,clefeuvrex@themeforest.net,Male,56.91.90.246
35,Bondon,Tugman,btugmany@ovh.net,Male,235.128.187.235
36,Kalle,Sieb,ksiebz@xinhuanet.com,Male,166.116.32.221
37,Lurline,Kinforth,lkinforth10@cargocollective.com,Female,73.19.190.234
38,Lurline,Enion,lenion11@yellowpages.com,Female,148.93.122.196
39,Ninetta,Haylands,nhaylands12@china.com.cn,Female,253.143.239.132
40,Grace,Wetter,gwetter13@wufoo.com,Male,1.111.196.35
41,Lief,Eim,leim14@drupal.org,Male,75.153.15.37
42,Markos,Balls,mballs15@trellian.com,Male,178.53.125.64
43,Tedman,Tott,ttott16@xrea.com,Male,150.187.233.4
44,Helga,Lickorish,hlickorish17@cdbaby.com,Female,167.229.102.220
45,Elane,Haberjam,ehaberjam18@arizona.edu,Female,227.110.215.220
46,Rick,Abbate,rabbate19@baidu.com,Male,119.243.198.142
47,Cissiee,Parzizek,cparzizek1a@usnews.com,Female,140.172.75.227
48,Heddi,Rusk,hrusk1b@sogou.com,Female,54.14.142.107
49,Wylma,Coddrington,wcoddrington1c@ask.com,Female,208.42.58.174
50,Leo,MacKnocker,lmacknocker1d@vk.com,Male,219.127.160.94
51,Fonsie,McLleese,fmclleese1e@elegantthemes.com,Male,7.209.201.192
52,Ardella,Crampin,acrampin1f@amazon.co.jp,Female,244.64.174.80
53,Anny,Stihl,astihl1g@hao123.com,Female,210.246.221.204
54,Christoph,Tarney,ctarney1h@nationalgeographic.com,Male,46.178.139.187
55,Astrix,Aspall,aaspall1i@edublogs.org,Female,241.179.143.65
56,Violet,Baum,vbaum1j@tumblr.com,Female,174.126.232.67
57,Boris,Brussell,bbrussell1k@digg.com,Male,178.9.84.134
58,Alexandrina,Ownsworth,aownsworth1l@artisteer.com,Female,187.143.141.0
59,Janeva,Spikeings,jspikeings1m@independent.co.uk,Female,191.216.102.251
60,Lorin,Landrieu,llandrieu1n@clickbank.net,Male,158.17.28.140
61,Di,Grimshaw,dgrimshaw1o@xrea.com,Female,9.54.231.239
62,Forster,Grummitt,fgrummitt1p@comsenz.com,Male,86.53.243.73
63,Alley,Ricard,aricard1q@list-manage.com,Male,78.248.39.87
64,Joyce,Sugarman,jsugarman1r@cisco.com,Female,242.253.145.150
65,Jermain,Banck,jbanck1s@usatoday.com,Male,91.130.190.16
66,Annmarie,Ingledew,aingledew1t@prweb.com,Female,80.146.63.199
67,Adrian,Devanny,adevanny1u@fotki.com,Male,132.31.124.209
68,See,Scotchmore,sscotchmore1v@canalblog.com,Male,243.169.146.175
69,Adriano,Casham,acasham1w@indiegogo.com,Male,20.159.75.7
70,Liv,Boath,lboath1x@google.es,Female,25.130.177.156
71,Cherri,Bassett,cbassett1y@java.com,Female,10.108.255.118
72,Baxy,Kerby,bkerby1z@bloomberg.com,Male,9.82.14.44
73,Boonie,Borleace,bborleace20@theatlantic.com,Male,107.254.148.128
74,Emlyn,Lazenbury,elazenbury21@gmpg.org,Female,38.204.56.198
75,Haily,Drayton,hdrayton22@drupal.org,Male,252.125.46.82
76,Maire,Ianizzi,mianizzi23@cnet.com,Female,99.223.88.227
77,Hulda,Cluett,hcluett24@cnet.com,Female,220.152.5.127
78,Cletis,Searle,csearle25@ning.com,Male,203.223.114.156
79,Lion,Boland,lboland26@eepurl.com,Male,168.172.213.50
80,Olvan,Terzo,oterzo27@theglobeandmail.com,Male,243.1.8.110
81,Vladimir,Kester,vkester28@flickr.com,Male,168.15.204.3
82,Germaine,Trevers,gtrevers29@myspace.com,Male,95.41.0.225
83,Stirling,Balleine,sballeine2a@blogtalkradio.com,Male,200.115.235.102
84,Tony,Stonebridge,tstonebridge2b@narod.ru,Male,84.56.79.95
85,Maible,Fears,mfears2c@cargocollective.com,Female,150.94.200.63
86,Ernesta,Jirasek,ejirasek2d@nyu.edu,Female,107.137.107.84
87,Helen,Wintle,hwintle2e@independent.co.uk,Female,36.63.117.207
88,Esmaria,Storr,estorr2f@usnews.com,Female,225.164.185.254
89,Cullen,Kaygill,ckaygill2g@ameblo.jp,Male,49.146.149.83
90,Peder,Lascelles,plascelles2h@rediff.com,Male,182.162.174.72
91,Enrique,Santus,esantus2i@utexas.edu,Male,235.58.94.75
92,Ambrosi,Bastable,abastable2j@twitpic.com,Male,253.149.14.36
93,Ludwig,Liger,lliger2k@sogou.com,Male,168.20.22.24
94,Shir,Stainton,sstainton2l@sciencedirect.com,Female,235.82.212.165
95,Matelda,Gowdridge,mgowdridge2m@imdb.com,Female,193.235.255.14
96,Faina,Latham,flatham2n@so-net.ne.jp,Female,127.232.69.156
97,Emmet,Adamczyk,eadamczyk2o@nytimes.com,Male,199.59.142.57
98,Sigismond,Kidston,skidston2p@shareasale.com,Male,30.208.216.211
99,Rheta,Carmody,rcarmody2q@yolasite.com,Female,90.213.98.166
100,Riordan,Pittaway,rpittaway2r@fema.gov,Male,87.25.118.137
101,Cissiee,Skuce,cskuce2s@topsy.com,Female,8.100.143.183
102,Hugibert,Dumpleton,hdumpleton2t@cdbaby.com,Male,173.217.199.52
103,Marilyn,Raycroft,mraycroft2u@webeden.co.uk,Female,33.206.90.85
104,Geno,Dallicott,gdallicott2v@fda.gov,Male,242.203.25.61
105,Almire,Maundrell,amaundrell2w@apple.com,Female,129.32.98.119
106,Rodrick,MacGibbon,rmacgibbon2x@answers.com,Male,11.177.247.151
107,Erv,MacFadzan,emacfadzan2y@typepad.com,Male,137.121.194.82
108,Madelene,Margery,mmargery2z@ezinearticles.com,Female,30.34.164.182
109,Georgi,Zimek,gzimek30@ning.com,Male,212.90.47.218
110,Eliot,Bissex,ebissex31@phpbb.com,Male,27.154.167.24
111,Erin,Adolthine,eadolthine32@yandex.ru,Female,2.179.134.212
112,Dillon,Wolverson,dwolverson33@pbs.org,Male,232.185.166.166
113,Trudie,Tremethack,ttremethack34@biblegateway.com,Female,126.201.143.115
114,Cori,Strangward,cstrangward35@joomla.org,Female,14.101.75.90
115,Shelley,Farens,sfarens36@reference.com,Male,218.238.204.93
116,Pammie,Bunce,pbunce37@bloomberg.com,Female,134.226.206.30
117,Meaghan,Macoun,mmacoun38@kickstarter.com,Female,132.198.45.186
118,Dov,Ondrousek,dondrousek39@whitehouse.gov,Male,245.67.204.164
119,Lottie,Inder,linder3a@cargocollective.com,Female,225.81.170.110
120,Pate,Tomley,ptomley3b@shop-pro.jp,Male,115.194.240.52
121,Ardelis,Hall-Gough,ahallgough3c@theglobeandmail.com,Female,245.178.47.242
122,Leilah,Rainger,lrainger3d@hhs.gov,Female,217.161.148.55
123,Fitzgerald,Dancey,fdancey3e@hatena.ne.jp,Male,243.31.116.29
124,King,Hamlett,khamlett3f@miitbeian.gov.cn,Male,86.61.36.27
125,Ardith,Ringe,aringe3g@google.de,Female,84.155.183.45
126,Ginger,Screas,gscreas3h@unesco.org,Male,68.148.81.174
127,Sergeant,Borles,sborles3i@nytimes.com,Male,146.108.218.174
128,Charin,Bewshaw,cbewshaw3j@squidoo.com,Female,220.162.37.41
129,Elga,Boyson,eboyson3k@gravatar.com,Female,155.137.215.86
130,Dedie,Whelband,dwhelband3l@jugem.jp,Female,238.161.128.219
131,Nikki,Dzenisenka,ndzenisenka3m@blogger.com,Male,240.57.243.135
132,Madalyn,Craggs,mcraggs3n@blog.com,Female,60.238.152.246
133,Bessie,Howden,bhowden3o@pbs.org,Female,213.192.71.11
134,Bron,Leishman,bleishman3p@wikia.com,Male,222.84.74.102
135,Jason,Goadby,jgoadby3q@toplist.cz,Male,193.214.155.33
136,Alyson,Eggins,aeggins3r@senate.gov,Female,210.244.220.8
137,Boigie,Southwick,bsouthwick3s@wp.com,Male,118.55.69.2
138,Gregg,Woodfield,gwoodfield3t@buzzfeed.com,Male,103.197.95.183
139,Willetta,Tidridge,wtidridge3u@wp.com,Female,22.26.244.174
140,Amalie,Schankelborg,aschankelborg3v@blog.com,Female,211.69.195.158
141,Flore,Borrow,fborrow3w@macromedia.com,Female,185.15.89.163
142,Sly,Beesley,sbeesley3x@dmoz.org,Male,211.202.83.97
143,Vachel,Finnick,vfinnick3y@fda.gov,Male,72.147.19.220
144,Bentlee,Blow,bblow3z@bing.com,Male,36.178.53.159
145,Waldon,Eliasson,weliasson40@springer.com,Male,19.209.166.177
146,Jourdan,Crampin,jcrampin41@hubpages.com,Female,131.167.96.142
147,Devina,Hortop,dhortop42@vkontakte.ru,Female,220.56.51.131
148,Adolphus,Billion,abillion43@harvard.edu,Male,12.42.67.180
149,Blaire,Letterese,bletterese44@lycos.com,Female,171.100.206.59
150,Zoe,Druce,zdruce45@linkedin.com,Female,47.100.53.214
151,Alanah,Parlett,aparlett46@merriam-webster.com,Female,205.201.52.12
152,Kylie,Gebhardt,kgebhardt47@163.com,Female,122.18.64.34
153,Moria,Crang,mcrang48@typepad.com,Female,129.251.82.99
154,Bebe,Daw,bdaw49@psu.edu,Female,64.205.164.175
155,Monah,Andrichak,mandrichak4a@pagesperso-orange.fr,Female,155.165.166.209
156,Diandra,Bedells,dbedells4b@ca.gov,Female,223.41.151.1
157,Burtie,Fayne,bfayne4c@wunderground.com,Male,132.69.38.55
158,Magda,Querrard,mquerrard4d@indiatimes.com,Female,33.39.126.171
159,Hubey,Commucci,hcommucci4e@go.com,Male,55.125.15.218
160,Rowen,Causley,rcausley4f@cdc.gov,Male,232.173.194.78
161,Lydon,Chat,lchat4g@angelfire.com,Male,155.184.181.219
162,Elsinore,Le Provest,eleprovest4h@list-manage.com,Female,250.92.174.4
163,Casandra,Blaze,cblaze4i@unesco.org,Female,6.22.62.14
164,Geno,Swiggs,gswiggs4j@boston.com,Male,150.117.225.24
165,Annalee,Steade,asteade4k@prlog.org,Female,60.58.11.253
166,Hamel,Jancey,hjancey4l@aboutads.info,Male,208.31.10.82
167,Pris,Elwill,pelwill4m@hibu.com,Female,64.10.192.177
168,Lou,Bussens,lbussens4n@engadget.com,Female,71.30.135.27
169,Krissie,Tellesson,ktellesson4o@symantec.com,Female,68.245.81.85
170,Gloria,Thackston,gthackston4p@msn.com,Female,158.54.241.137
171,Fritz,Tallet,ftallet4q@usda.gov,Male,36.92.27.108
172,Camey,Bellamy,cbellamy4r@instagram.com,Male,131.11.63.193
173,Dreddy,Rooney,drooney4s@icq.com,Female,135.138.33.34
174,Dolli,Gogay,dgogay4t@jiathis.com,Female,0.12.188.229
175,Cyb,Barton,cbarton4u@wix.com,Female,117.76.10.67
176,Marc,D'Andrea,mdandrea4v@istockphoto.com,Male,86.10.52.96
177,Jennette,Coolahan,jcoolahan4w@sohu.com,Female,154.41.113.168
178,Lisette,Monson,lmonson4x@newsvine.com,Female,88.84.188.38
179,Bernarr,Yegoshin,byegoshin4y@woothemes.com,Male,165.174.119.113
180,Thaxter,Cruxton,tcruxton4z@msu.edu,Male,253.213.230.107
181,Jerrie,Fick,jfick50@imgur.com,Female,178.107.219.166
182,Arron,Aikett,aaikett51@jiathis.com,Male,184.251.183.200
183,Lois,Atger,latger52@nsw.gov.au,Female,38.228.169.129
184,Farrel,Escofier,fescofier53@digg.com,Male,106.224.126.186
185,Chrissie,Colqueran,ccolqueran54@ihg.com,Male,238.74.186.37
186,Ario,Bosnell,abosnell55@webmd.com,Male,27.188.119.80
187,Kelila,Crus,kcrus56@cnn.com,Female,16.83.235.250
188,Truman,Milam,tmilam57@go.com,Male,126.188.248.215
189,Deanne,Call,dcall58@marriott.com,Female,171.21.26.252
190,Ganny,Ascroft,gascroft59@ucoz.com,Male,39.247.92.144
191,Haslett,Bracco,hbracco5a@shinystat.com,Male,189.128.22.134
192,Merrily,Kingshott,mkingshott5b@constantcontact.com,Female,80.107.120.75
193,Shepperd,Curtis,scurtis5c@nyu.edu,Male,216.55.228.98
194,Luciano,Dorsett,ldorsett5d@privacy.gov.au,Male,117.68.83.184
195,Halette,Gilson,hgilson5e@sphinn.com,Female,132.5.10.194
196,Rickie,Fattore,rfattore5f@bloomberg.com,Male,9.25.20.144
197,Blondelle,Lokier,blokier5g@admin.ch,Female,99.45.186.185
198,Rip,McCudden,rmccudden5h@wikipedia.org,Male,45.4.40.17
199,Clotilda,Greenwood,cgreenwood5i@imageshack.us,Female,152.41.139.135
200,Libbey,Spowage,lspowage5j@mozilla.org,Female,250.245.28.186
201,Daveen,Prandin,dprandin5k@storify.com,Female,61.215.206.139
202,Marna,Swinglehurst,mswinglehurst5l@edublogs.org,Female,33.24.188.26
203,Joshia,Chadwell,jchadwell5m@barnesandnoble.com,Male,27.3.2.5
204,Yorgos,Hardi,yhardi5n@intel.com,Male,216.229.108.141
205,Burlie,Brolan,bbrolan5o@studiopress.com,Male,22.16.63.254
206,Iris,Vasilchikov,ivasilchikov5p@amazon.de,Female,29.124.99.7
207,Judon,Ivanichev,jivanichev5q@quantcast.com,Male,19.139.235.110
208,Annelise,Eminson,aeminson5r@nasa.gov,Female,21.226.158.146
209,Gertrudis,Gillison,ggillison5s@sciencedirect.com,Female,2.52.223.135
210,Teodoro,Van Oort,tvanoort5t@bing.com,Male,109.101.215.125
211,Kahlil,Edowes,kedowes5u@howstuffworks.com,Male,217.78.164.248
212,Guinna,Culter,gculter5v@dot.gov,Female,61.33.102.182
213,Brian,Cooke,bcooke5w@wikimedia.org,Male,198.129.0.175
214,Bogey,Faherty,bfaherty5x@sphinn.com,Male,70.113.140.7
215,Aurelea,Smidmoor,asmidmoor5y@woothemes.com,Female,57.129.201.199
216,Gerrie,Middle,gmiddle5z@1und1.de,Female,133.10.128.109
217,Allsun,Raspison,araspison60@plala.or.jp,Female,35.16.13.105
218,Lawrence,Crosfeld,lcrosfeld61@icio.us,Male,217.108.32.255
219,Torre,Kenrack,tkenrack62@cdc.gov,Male,2.43.19.123
220,Jereme,Ben-Aharon,jbenaharon63@army.mil,Male,170.137.58.247
221,Christye,Van der Merwe,cvandermerwe64@ucoz.ru,Female,223.0.122.138
222,Abby,Dummett,adummett65@example.com,Female,90.211.215.210
223,Jeannette,McQuarrie,jmcquarrie66@pbs.org,Female,167.53.146.23
224,Jere,Hobbema,jhobbema67@webmd.com,Male,83.171.225.74
225,Skipp,Grindall,sgrindall68@google.com.hk,Male,148.6.8.101
226,Aleece,Meiklejohn,ameiklejohn69@shutterfly.com,Female,231.182.109.2
227,Zebadiah,Lusher,zlusher6a@engadget.com,Male,197.102.5.33
228,Joli,Dankov,jdankov6b@youtu.be,Female,73.130.106.12
229,Minda,Cossum,mcossum6c@indiegogo.com,Female,7.130.158.63
230,Amerigo,Laxon,alaxon6d@amazon.de,Male,185.237.177.230
231,Vern,Doldon,vdoldon6e@blogspot.com,Male,146.214.87.17
232,Blane,Kirtland,bkirtland6f@devhub.com,Male,15.178.218.81
233,Daphne,Lamps,dlamps6g@google.ca,Female,82.129.76.244
234,Marris,Zuanazzi,mzuanazzi6h@lulu.com,Female,223.171.104.128
235,Emile,Harfoot,eharfoot6i@imdb.com,Male,143.116.138.73
236,Emilie,Speares,espeares6j@indiatimes.com,Female,135.145.88.158
237,Norry,Lantuffe,nlantuffe6k@yellowpages.com,Female,141.45.234.15
238,Eric,Pfaffel,epfaffel6l@usgs.gov,Male,51.155.207.110
239,Antonin,O'Riordan,aoriordan6m@shutterfly.com,Male,185.68.204.241
240,Berkie,Prahl,bprahl6n@columbia.edu,Male,217.197.228.98
241,Ralf,Coldman,rcoldman6o@washingtonpost.com,Male,194.92.166.31
242,Elston,Cafe,ecafe6p@yahoo.com,Male,207.107.1.150
243,Briant,Dyas,bdyas6q@salon.com,Male,160.189.197.255
244,Kristin,Mayo,kmayo6r@t.co,Female,61.141.9.128
245,Arline,Lamplough,alamplough6s@goodreads.com,Female,87.35.19.107
246,Ula,Goodee,ugoodee6t@ovh.net,Female,50.188.113.153
247,Abramo,Bush,abush6u@sina.com.cn,Male,152.183.238.226
248,Blakeley,Shaul,bshaul6v@youku.com,Female,245.71.48.255
249,Ashlie,Klagge,aklagge6w@seattletimes.com,Female,159.202.69.8
250,Berni,Pillinger,bpillinger6x@statcounter.com,Female,6.16.185.100
251,Keane,Orto,korto6y@wix.com,Male,25.208.250.196
252,Dudley,Hanvey,dhanvey6z@weibo.com,Male,244.82.28.162
253,Devland,Quibell,dquibell70@columbia.edu,Male,243.190.234.157
254,Clare,Zack,czack71@admin.ch,Male,180.203.120.172
255,Fae,Feron,fferon72@multiply.com,Female,68.89.123.43
256,Vitia,Eastlake,veastlake73@desdev.cn,Female,36.100.108.232
257,Brit,Hencke,bhencke74@admin.ch,Male,87.55.169.209
258,Warden,Satcher,wsatcher75@accuweather.com,Male,7.39.118.249
259,Caritta,Tole,ctole76@amazon.de,Female,10.225.224.223
260,Amalle,Rintoul,arintoul77@illinois.edu,Female,25.215.43.48
261,Magnum,McCarthy,mmccarthy78@wordpress.org,Male,41.197.174.224
262,Levey,Wintour,lwintour79@comsenz.com,Male,44.162.144.197
263,Lee,De Angelis,ldeangelis7a@mozilla.org,Male,134.114.192.206
264,Boony,O'Rudden,borudden7b@unicef.org,Male,187.115.148.157
265,Burlie,Jollye,bjollye7c@google.ca,Male,114.112.117.40
266,Ambur,Dautry,adautry7d@surveymonkey.com,Female,153.11.7.218
267,Cory,Bourke,cbourke7e@booking.com,Female,140.146.89.125
268,Maje,Serrell,mserrell7f@apple.com,Male,77.212.154.118
269,Giuseppe,Eskrigg,geskrigg7g@vkontakte.ru,Male,205.148.216.20
270,Jocko,Enrdigo,jenrdigo7h@sogou.com,Male,66.217.253.218
271,Shea,Siberry,ssiberry7i@va.gov,Male,181.74.18.141
272,Alla,Wadie,awadie7j@smh.com.au,Female,116.163.171.254
273,Berty,Kenworthey,bkenworthey7k@accuweather.com,Male,156.196.15.31
274,Claudius,Sadgrove,csadgrove7l@flavors.me,Male,22.116.196.9
275,Erminia,Smylie,esmylie7m@wikipedia.org,Female,43.126.179.104
276,Siouxie,Curme,scurme7n@google.es,Female,191.76.127.242
277,Hubey,Gowing,hgowing7o@php.net,Male,91.18.105.235
278,Les,Benjamin,lbenjamin7p@bloomberg.com,Male,240.31.32.129
279,Dulcine,Cobley,dcobley7q@dyndns.org,Female,103.229.236.36
280,Lind,Simecek,lsimecek7r@edublogs.org,Male,253.227.113.175
281,Ado,Digby,adigby7s@facebook.com,Male,40.138.193.155
282,Chrysa,Rattray,crattray7t@ask.com,Female,168.243.52.169
283,Martin,Lightollers,mlightollers7u@t.co,Male,108.152.89.196
284,Duffie,Goodfellow,dgoodfellow7v@reference.com,Male,151.186.203.41
285,Creigh,Melan,cmelan7w@symantec.com,Male,249.13.78.135
286,Winnie,Kermott,wkermott7x@nps.gov,Male,249.193.156.80
287,Tymon,Zorzetti,tzorzetti7y@merriam-webster.com,Male,199.59.59.93
288,Christie,Betke,cbetke7z@ebay.co.uk,Male,56.106.143.198
289,Dorelle,Storch,dstorch80@sina.com.cn,Female,254.113.27.82
290,Randell,Copozio,rcopozio81@goodreads.com,Male,98.33.125.86
291,Aurelia,Calley,acalley82@artisteer.com,Female,174.15.18.111
292,Cherye,Gauche,cgauche83@istockphoto.com,Female,143.217.239.59
293,Demott,Dalli,ddalli84@psu.edu,Male,110.157.136.165
294,Astrix,Tebbut,atebbut85@usda.gov,Female,143.155.202.72
295,Diane-marie,Shermore,dshermore86@virginia.edu,Female,193.206.216.225
296,Harrietta,Bicknell,hbicknell87@engadget.com,Female,11.106.142.213
297,Loren,Dineges,ldineges88@bloglovin.com,Male,243.19.4.14
298,Janetta,Vesty,jvesty89@alibaba.com,Female,26.186.23.57
299,Nana,Winfindale,nwinfindale8a@ted.com,Female,200.38.181.35
300,Glynnis,O'Leary,goleary8b@example.com,Female,83.15.116.81
301,Tatiana,Eake,teake8c@stanford.edu,Female,137.89.174.22
302,Rebbecca,Seamark,rseamark8d@uol.com.br,Female,246.137.139.255
303,Maximilianus,Manzell,mmanzell8e@blinklist.com,Male,125.16.164.109
304,Lee,Gilhespy,lgilhespy8f@statcounter.com,Male,102.253.142.203
305,Ellary,McIlhone,emcilhone8g@alibaba.com,Male,230.222.215.252
306,Olly,Hick,ohick8h@comsenz.com,Male,38.52.140.183
307,Karie,Beckett,kbeckett8i@cornell.edu,Female,18.88.238.50
308,Melodee,Skurray,mskurray8j@tumblr.com,Female,62.43.51.168
309,Tracee,Sprey,tsprey8k@paypal.com,Female,8.75.95.203
310,Jarrad,Kamenar,jkamenar8l@adobe.com,Male,155.53.73.47
311,Mitchael,Purselow,mpurselow8m@google.com.hk,Male,80.8.89.161
312,Sheelagh,Pomphrey,spomphrey8n@mysql.com,Female,231.99.109.247
313,Julianna,Quenby,jquenby8o@sun.com,Female,126.94.53.2
314,Niccolo,Abbatt,nabbatt8p@squarespace.com,Male,34.87.91.83
315,Yurik,Sibery,ysibery8q@jugem.jp,Male,247.86.26.42
316,Pryce,Walsham,pwalsham8r@sogou.com,Male,254.130.232.94
317,Konstance,Flaune,kflaune8s@boston.com,Female,23.94.29.48
318,Genevra,Rhelton,grhelton8t@ted.com,Female,82.13.29.193
319,Boniface,Meiner,bmeiner8u@go.com,Male,63.86.29.36
320,Tani,Messingham,tmessingham8v@sogou.com,Female,56.9.43.168
321,Laurene,Gerrens,lgerrens8w@china.com.cn,Female,252.49.176.184
322,Nerte,Squelch,nsquelch8x@wordpress.org,Female,137.27.28.150
323,Cassaundra,Del Monte,cdelmonte8y@wordpress.com,Female,59.152.251.237
324,Wolfie,Mayou,wmayou8z@dyndns.org,Male,157.112.155.27
325,Emilio,Trew,etrew90@cdc.gov,Male,5.55.202.30
326,Celestina,Snaith,csnaith91@i2i.jp,Female,67.78.119.86
327,Helge,Atkinson,hatkinson92@mediafire.com,Female,129.138.53.255
328,Opaline,Lipscomb,olipscomb93@plala.or.jp,Female,82.110.222.108
329,Kimmie,McPhillips,kmcphillips94@cmu.edu,Female,80.111.250.247
330,Ada,Kingstne,akingstne95@gizmodo.com,Female,183.89.91.23
331,Georgeanna,Coggings,gcoggings96@sohu.com,Female,206.119.101.236
332,Omero,Ireland,oireland97@is.gd,Male,87.181.57.15
333,Lou,Whorf,lwhorf98@t.co,Male,201.79.17.86
334,Donovan,Shoorbrooke,dshoorbrooke99@indiegogo.com,Male,9.51.19.198
335,Agosto,Mattevi,amattevi9a@chicagotribune.com,Male,136.49.41.113
336,Emmey,Boltwood,eboltwood9b@ustream.tv,Female,215.94.202.251
337,Arleta,Radbond,aradbond9c@pinterest.com,Female,234.77.146.56
338,Murvyn,Mougel,mmougel9d@php.net,Male,225.6.67.199
339,Janeva,MacGall,jmacgall9e@businessweek.com,Female,31.38.255.164
340,Olia,Blackmore,oblackmore9f@youku.com,Female,197.219.206.167
341,Ali,Jarmyn,ajarmyn9g@sogou.com,Female,149.119.168.42
342,Kelila,Muffett,kmuffett9h@imageshack.us,Female,147.98.200.134
343,Guilbert,Montilla,gmontilla9i@themeforest.net,Male,99.4.166.40
344,Hadrian,Denkin,hdenkin9j@ed.gov,Male,217.158.179.39
345,Karoly,Tolumello,ktolumello9k@wiley.com,Female,185.60.124.141
346,Edna,MacAlester,emacalester9l@sogou.com,Female,229.30.128.140
347,Wilt,Shitliffe,wshitliffe9m@opensource.org,Male,119.146.24.232
348,Lorinda,Whitter,lwhitter9n@ovh.net,Female,60.113.94.178
349,Perla,Ewbank,pewbank9o@senate.gov,Female,85.43.253.19
350,Sherwin,Dowtry,sdowtry9p@scribd.com,Male,89.44.78.96
351,Liane,Balme,lbalme9q@jimdo.com,Female,90.237.72.149
352,Welch,Banane,wbanane9r@shareasale.com,Male,64.93.179.234
353,Kathleen,Jolin,kjolin9s@ftc.gov,Female,84.116.164.193
354,Carin,Marshalleck,cmarshalleck9t@howstuffworks.com,Female,59.65.58.131
355,Bill,Brinkler,bbrinkler9u@webmd.com,Male,81.52.237.77
356,Early,Moland,emoland9v@de.vu,Male,26.2.210.70
357,Mara,LAbbet,mlabbet9w@creativecommons.org,Female,238.178.216.255
358,Barnabe,Trusler,btrusler9x@hatena.ne.jp,Male,130.179.187.184
359,Cleveland,Berns,cberns9y@ycombinator.com,Male,200.114.138.70
360,Courtney,Hamlet,chamlet9z@ebay.co.uk,Female,103.207.240.53
361,Electra,Gillespey,egillespeya0@a8.net,Female,134.113.157.100
362,Christiana,MacSkeaghan,cmacskeaghana1@stumbleupon.com,Female,30.176.51.80
363,Ansel,Hellier,ahelliera2@reddit.com,Male,209.167.217.25
364,Denney,Beggi,dbeggia3@goodreads.com,Male,72.68.149.170
365,Burch,Risbrough,brisbrougha4@newyorker.com,Male,123.144.91.82
366,Sheff,Humberstone,shumberstonea5@stanford.edu,Male,217.104.216.248
367,Beaufort,Heenan,bheenana6@edublogs.org,Male,58.253.134.143
368,Tedda,Wedmore.,twedmorea7@woothemes.com,Female,67.254.72.235
369,Florian,Calderwood,fcalderwooda8@addtoany.com,Male,239.55.27.126
370,Obadiah,De Carteret,odecartereta9@lulu.com,Male,116.130.137.133
371,Freda,Pitrollo,fpitrolloaa@answers.com,Female,193.48.138.186
372,Mia,Dallon,mdallonab@ovh.net,Female,180.177.254.132
373,Tab,Rayment,traymentac@toplist.cz,Male,170.16.154.104
374,Lanna,Weatherall,lweatherallad@eepurl.com,Female,8.97.134.95
375,Ermanno,Sturton,esturtonae@unc.edu,Male,51.180.115.152
376,Auberta,Swane,aswaneaf@ycombinator.com,Female,207.62.219.76
377,Brook,Napthine,bnapthineag@narod.ru,Female,27.165.213.224
378,Charlie,MacPaik,cmacpaikah@ca.gov,Male,28.7.67.82
379,Elvina,Juschka,ejuschkaai@godaddy.com,Female,223.187.149.25
380,Mariana,Kamienski,mkamienskiaj@discovery.com,Female,254.108.100.89
381,Nevsa,Leek,nleekak@cmu.edu,Female,203.105.11.25
382,Humberto,Aronowicz,haronowiczal@nifty.com,Male,45.245.134.96
383,Theodora,McCraw,tmccrawam@pinterest.com,Female,239.219.39.193
384,York,D'Orsay,ydorsayan@blogger.com,Male,47.33.53.26
385,Laurel,Jope,ljopeao@alibaba.com,Female,247.156.247.203
386,Hube,Faraker,hfarakerap@oracle.com,Male,65.149.123.45
387,Benedicta,Jacqueme,bjacquemeaq@buzzfeed.com,Female,187.84.247.71
388,Sancho,Gladstone,sgladstonear@walmart.com,Male,79.218.28.123
389,Vernice,Polon,vpolonas@forbes.com,Female,129.222.180.104
390,Malinda,Doswell,mdoswellat@sourceforge.net,Female,55.121.92.60
391,Terese,Santi,tsantiau@google.co.jp,Female,47.24.95.71
392,Jorry,Ducham,jduchamav@delicious.com,Female,67.150.232.142
393,Early,Baffin,ebaffinaw@google.co.jp,Male,4.5.105.148
394,Wiley,Sweed,wsweedax@wired.com,Male,152.152.195.58
395,Dahlia,Ludovici,dludoviciay@squarespace.com,Female,79.242.118.254
396,Dav,Gilfillan,dgilfillanaz@google.it,Male,12.62.225.180
397,Fran,Matveiko,fmatveikob0@time.com,Female,88.103.202.20
398,Kamila,Mayall,kmayallb1@biblegateway.com,Female,163.60.39.106
399,Cchaddie,Scambler,cscamblerb2@ed.gov,Male,229.204.162.79
400,Joey,Runcie,jruncieb3@craigslist.org,Female,90.84.39.206
401,Townsend,McCambrois,tmccambroisb4@mayoclinic.com,Male,95.101.183.114
402,Gwendolin,Taylot,gtaylotb5@ucla.edu,Female,122.201.231.169
403,Raleigh,Wasielewski,rwasielewskib6@springer.com,Male,107.248.206.61
404,Noelani,Runnett,nrunnettb7@bluehost.com,Female,117.80.174.80
405,Cristal,Looney,clooneyb8@reuters.com,Female,187.3.141.183
406,Herbert,Giocannoni,hgiocannonib9@cdc.gov,Male,58.192.224.194
407,Harrison,Scade,hscadeba@yale.edu,Male,80.240.119.38
408,Reynard,O'Hickee,rohickeebb@vk.com,Male,181.222.50.40
409,Farrand,Dassindale,fdassindalebc@wikimedia.org,Female,62.189.85.18
410,Horatia,Rupel,hrupelbd@mapquest.com,Female,48.237.46.78
411,Lewes,Phillip,lphillipbe@webmd.com,Male,63.39.103.214
412,Ignace,Swainger,iswaingerbf@washington.edu,Male,168.79.117.234
413,Valera,Kalaher,vkalaherbg@people.com.cn,Female,145.82.111.145
414,Leonora,Peatheyjohns,lpeatheyjohnsbh@microsoft.com,Female,227.238.39.248
415,Clementius,Bezemer,cbezemerbi@multiply.com,Male,3.9.118.162
416,Onida,Pebworth,opebworthbj@unblog.fr,Female,110.164.250.221
417,Nicko,De Carolis,ndecarolisbk@disqus.com,Male,120.10.211.36
418,Dorise,Gomes,dgomesbl@xing.com,Female,222.249.165.246
419,Idelle,Biesinger,ibiesingerbm@jimdo.com,Female,234.213.9.118
420,Robby,Joules,rjoulesbn@accuweather.com,Female,140.141.172.66
421,Oona,Lemonnier,olemonnierbo@bbc.co.uk,Female,190.43.241.100
422,Leilah,Stading,lstadingbp@networksolutions.com,Female,239.21.123.219
423,Darwin,Zorzutti,dzorzuttibq@webnode.com,Male,20.124.168.36
424,Druci,Joffe,djoffebr@google.com.au,Female,142.148.36.220
425,Raynor,Van Der Straaten,rvanderstraatenbs@google.ru,Male,82.217.160.6
426,Antonia,Oak,aoakbt@csmonitor.com,Female,20.199.73.58
427,Zarla,Chotty,zchottybu@issuu.com,Female,144.121.106.253
428,Dolley,Aikin,daikinbv@phpbb.com,Female,100.43.250.71
429,Win,Woodes,wwoodesbw@skyrock.com,Male,217.30.82.167
430,Minette,Comusso,mcomussobx@bizjournals.com,Female,123.158.208.123
431,Kellby,Checo,kchecoby@amazon.de,Male,250.103.162.24
432,Caressa,Pien,cpienbz@princeton.edu,Female,179.157.128.70
433,Dorena,Pennycord,dpennycordc0@toplist.cz,Female,116.93.177.152
434,Joelle,Pigeon,jpigeonc1@com.com,Female,214.52.201.249
435,Janifer,Hopkynson,jhopkynsonc2@omniture.com,Female,224.173.91.145
436,Elladine,Sergeaunt,esergeauntc3@reverbnation.com,Female,90.189.251.11
437,Raymond,Itzhaki,ritzhakic4@miitbeian.gov.cn,Male,15.110.218.134
438,Baxie,Lumbly,blumblyc5@clickbank.net,Male,16.237.49.23
439,Glynn,Varvara,gvarvarac6@blogs.com,Male,187.102.31.123
440,Greggory,Stanbrooke,gstanbrookec7@yellowpages.com,Male,203.142.168.134
441,Matteo,Kann,mkannc8@webnode.com,Male,248.130.108.131
442,Joyce,Folkard,jfolkardc9@engadget.com,Female,40.156.33.201
443,Elnore,Kroger,ekrogerca@si.edu,Female,226.56.241.70
444,Ana,Van der Veldt,avanderveldtcb@blogs.com,Female,161.76.58.142
445,Holt,Mealiffe,hmealiffecc@topsy.com,Male,236.148.132.170
446,Lina,Blythin,lblythincd@privacy.gov.au,Female,201.222.142.93
447,Claudio,Ternott,cternottce@biglobe.ne.jp,Male,88.190.153.4
448,Thorpe,Bachmann,tbachmanncf@moonfruit.com,Male,32.241.213.3
449,Mikkel,Orris,morriscg@yelp.com,Male,93.221.129.210
450,Dotti,Ferreira,dferreirach@bloglines.com,Female,229.165.175.23
451,Alla,Zuenelli,azuenellici@amazonaws.com,Female,113.8.0.85
452,Chris,Beet,cbeetcj@state.tx.us,Female,203.165.213.191
453,Lindsay,Glandon,lglandonck@fotki.com,Male,145.240.52.153
454,Micaela,Barsby,mbarsbycl@elegantthemes.com,Female,250.176.155.37
455,Flori,Antonik,fantonikcm@wordpress.com,Female,167.72.79.24
456,Nedi,Priddie,npriddiecn@quantcast.com,Female,28.115.250.121
457,Adore,Mc Carroll,amccarrollco@tinyurl.com,Female,180.14.115.229
458,Caye,Seckington,cseckingtoncp@histats.com,Female,27.205.57.124
459,Delila,Lively,dlivelycq@nps.gov,Female,67.156.53.57
460,Aurelia,Quick,aquickcr@loc.gov,Female,97.71.217.57
461,Alexis,Briar,abriarcs@biblegateway.com,Male,128.85.243.119
462,Blithe,Martina,bmartinact@theguardian.com,Female,47.92.214.174
463,Allix,Temple,atemplecu@google.com.hk,Female,195.104.153.74
464,Olympia,Hegge,oheggecv@hibu.com,Female,186.230.115.192
465,Ganny,Lofts,gloftscw@histats.com,Male,237.144.249.197
466,Susannah,Stockney,sstockneycx@prlog.org,Female,137.27.46.53
467,Allis,Gurery,agurerycy@patch.com,Female,142.197.135.170
468,Rey,Yearnes,ryearnescz@nps.gov,Male,76.98.117.155
469,Tiffany,Stoak,tstoakd0@dmoz.org,Female,251.37.142.241
470,Adelaide,Saker,asakerd1@topsy.com,Female,177.0.238.47
471,Bogart,Lesor,blesord2@posterous.com,Male,180.137.186.230
472,Rossy,Tresler,rtreslerd3@amazon.com,Male,199.254.123.58
473,Harrie,Binks,hbinksd4@bandcamp.com,Female,74.172.100.112
474,Desmund,Titchen,dtitchend5@gmpg.org,Male,224.12.15.252
475,Tally,Brooks,tbrooksd6@miitbeian.gov.cn,Male,177.185.124.236
476,Felicia,Sweeten,fsweetend7@meetup.com,Female,177.226.49.208
477,Dene,Stoll,dstolld8@ovh.net,Male,136.107.82.126
478,Tallulah,Schust,tschustd9@com.com,Female,233.97.233.168
479,Aurthur,Cromack,acromackda@vinaora.com,Male,178.47.245.98
480,Waverly,Rubertelli,wrubertellidb@woothemes.com,Male,124.199.180.152
481,Wilden,Alforde,walfordedc@shinystat.com,Male,117.134.193.16
482,Thorsten,Lancetter,tlancetterdd@merriam-webster.com,Male,118.225.191.193
483,Pace,Farthing,pfarthingde@google.it,Male,13.70.153.23
484,Angelico,Catlette,acatlettedf@dropbox.com,Male,10.25.14.87
485,Siana,Hebditch,shebditchdg@tripadvisor.com,Female,52.150.223.133
486,Kellen,Jurries,kjurriesdh@typepad.com,Male,233.77.12.47
487,Wynne,Dudson,wdudsondi@amazon.co.jp,Female,75.197.99.161
488,Ferris,Chittim,fchittimdj@theatlantic.com,Male,227.27.7.199
489,Bobina,Laval,blavaldk@phpbb.com,Female,46.188.206.114
490,Luise,Ellery,lellerydl@goo.ne.jp,Female,116.241.140.174
491,Layton,Keatch,lkeatchdm@123-reg.co.uk,Male,127.129.145.20
492,Dolph,Rayer,drayerdn@flavors.me,Male,136.198.77.142
493,Nanete,Schall,nschalldo@hostgator.com,Female,155.149.148.77
494,Fiona,Wrout,fwroutdp@theguardian.com,Female,110.210.7.98
495,Brandice,Gatherell,bgatherelldq@archive.org,Female,53.167.197.140
496,Winnifred,Gally,wgallydr@telegraph.co.uk,Female,197.13.54.92
497,Isidor,Bather,ibatherds@icq.com,Male,30.245.92.242
498,Toddy,Caulier,tcaulierdt@wordpress.com,Male,206.10.202.29
499,Kaylil,Tilzey,ktilzeydu@forbes.com,Female,91.223.103.228
500,Kaja,Tomblings,ktomblingsdv@mozilla.org,Female,219.51.132.244
501,Rozele,Simkin,rsimkindw@paginegialle.it,Female,237.65.239.152
502,Trevar,Bossons,tbossonsdx@time.com,Male,210.155.191.29
503,Lenna,Lunge,llungedy@paypal.com,Female,238.202.62.20
504,Brig,Brazel,bbrazeldz@linkedin.com,Male,75.176.159.53
505,Cary,MacNeish,cmacneishe0@fema.gov,Female,188.151.247.139
506,Collie,Hackney,chackneye1@skype.com,Female,117.70.168.143
507,Elisabetta,Laughnan,elaughnane2@mysql.com,Female,244.143.158.18
508,Eleanor,Knudsen,eknudsene3@narod.ru,Female,251.183.133.135
509,Wolfie,Cattlow,wcattlowe4@naver.com,Male,94.227.147.105
510,Rowan,Headings,rheadingse5@github.com,Male,152.71.201.203
511,Leonora,Willson,lwillsone6@diigo.com,Female,184.94.253.203
512,Emmeline,Mathewes,emathewese7@com.com,Female,183.111.167.22
513,Ferdinanda,Wones,fwonese8@wikispaces.com,Female,117.136.197.126
514,Aldrich,Steanyng,asteanynge9@howstuffworks.com,Male,5.194.73.202
515,Tobiah,Balls,tballsea@diigo.com,Male,53.46.235.77
516,Tito,Stockbridge,tstockbridgeeb@seesaa.net,Male,155.206.57.177
517,Douglas,Coneron,dconeronec@wikimedia.org,Male,116.234.121.181
518,Mead,Worsalls,mworsallsed@ft.com,Male,83.1.252.222
519,Elisabet,Tolfrey,etolfreyee@people.com.cn,Female,151.15.209.229
520,Rubi,Rawlison,rrawlisonef@bluehost.com,Female,71.91.183.187
521,Darn,Bernadzki,dbernadzkieg@gov.uk,Male,37.166.186.254
522,Whitby,Rulf,wrulfeh@skyrock.com,Male,231.5.79.105
523,Trula,Gomersal,tgomersalei@webeden.co.uk,Female,195.75.146.160
524,Tod,Collelton,tcolleltonej@histats.com,Male,56.81.6.0
525,Elise,Curd,ecurdek@opensource.org,Female,226.238.241.149
526,Sallie,Thoms,sthomsel@salon.com,Female,218.36.250.175
527,Alaric,Winfield,awinfieldem@xrea.com,Male,121.64.234.87
528,Ethelda,Pieter,epieteren@merriam-webster.com,Female,82.92.100.185
529,Daphene,Frankton,dfranktoneo@howstuffworks.com,Female,210.93.148.240
530,Rebekkah,Dowdney,rdowdneyep@craigslist.org,Female,123.209.42.65
531,Renae,Donaher,rdonahereq@tmall.com,Female,193.248.95.2
532,Gorden,Van Baaren,gvanbaarener@sourceforge.net,Male,178.168.170.214
533,Maxine,Vreede,mvreedees@cdc.gov,Female,18.32.5.68
534,Delano,Schult,dschultet@globo.com,Male,15.170.233.100
535,Bastian,Pennetta,bpennettaeu@howstuffworks.com,Male,77.198.65.32
536,Kassandra,Underwood,kunderwoodev@godaddy.com,Female,169.40.149.96
537,Charmine,Paxeford,cpaxefordew@bbc.co.uk,Female,134.77.86.202
538,Esmaria,Veitch,eveitchex@over-blog.com,Female,215.122.161.244
539,Torr,Mcmanaman,tmcmanamaney@hubpages.com,Male,25.138.210.255
540,Dorolisa,Biggerdike,dbiggerdikeez@seattletimes.com,Female,94.213.118.66
541,Larina,Salvin,lsalvinf0@cargocollective.com,Female,105.179.23.16
542,Niel,Wildman,nwildmanf1@flickr.com,Male,70.12.94.158
543,Des,Kiltie,dkiltief2@cornell.edu,Male,245.112.143.110
544,Riki,McGrotty,rmcgrottyf3@deviantart.com,Female,191.133.21.127
545,Worthington,Figurski,wfigurskif4@drupal.org,Male,123.53.159.109
546,Leupold,Cowburn,lcowburnf5@intel.com,Male,42.38.108.138
547,Gabriellia,Wych,gwychf6@simplemachines.org,Female,102.167.201.168
548,Nichols,Gladden,ngladdenf7@shareasale.com,Male,196.190.249.125
549,Doy,Keyhoe,dkeyhoef8@opensource.org,Male,45.4.236.157
550,Melita,Carswell,mcarswellf9@umn.edu,Female,9.240.191.200
551,Griselda,Meller,gmellerfa@ihg.com,Female,195.253.243.63
552,Zondra,Tresise,ztresisefb@buzzfeed.com,Female,112.182.191.3
553,Deni,Ewers,dewersfc@last.fm,Female,121.81.172.160
554,Cory,Kupper,ckupperfd@icq.com,Male,44.78.100.183
555,Caresa,Lenard,clenardfe@delicious.com,Female,113.253.227.186
556,Erin,Tanslie,etanslieff@jimdo.com,Female,137.71.44.65
557,Ronalda,Curcher,rcurcherfg@devhub.com,Female,160.199.126.143
558,Stephanie,Bolesma,sbolesmafh@who.int,Female,16.43.177.121
559,Olia,Bowhay,obowhayfi@virginia.edu,Female,125.83.30.0
560,Candie,Jarry,cjarryfj@cnet.com,Female,172.147.130.63
561,Laura,Lyal,llyalfk@house.gov,Female,195.86.34.194
562,Emylee,Rimell,erimellfl@1und1.de,Female,200.108.185.8
563,Hendrik,Cheves,hchevesfm@chicagotribune.com,Male,94.5.3.80
564,Gaynor,Bernli,gbernlifn@pbs.org,Female,243.124.190.216
565,Zarah,Drover,zdroverfo@virginia.edu,Female,186.197.187.1
566,Coop,Templman,ctemplmanfp@altervista.org,Male,47.11.193.32
567,Elyn,Bendelow,ebendelowfq@jiathis.com,Female,113.175.103.159
568,Marieann,Fearnehough,mfearnehoughfr@si.edu,Female,235.159.22.254
569,Cal,Heinzler,cheinzlerfs@admin.ch,Female,189.162.71.221
570,Gan,Abrahamsohn,gabrahamsohnft@umn.edu,Male,146.72.146.68
571,Valentijn,Pinney,vpinneyfu@aol.com,Male,202.171.19.244
572,Fay,Arcase,farcasefv@zimbio.com,Female,223.254.67.207
573,Simeon,Heaffey,sheaffeyfw@sun.com,Male,32.21.236.72
574,Whit,Belf,wbelffx@qq.com,Male,7.192.108.203
575,Goldy,Hance,ghancefy@sciencedirect.com,Female,83.211.11.60
576,Boothe,Coytes,bcoytesfz@independent.co.uk,Male,117.250.49.81
577,Vinson,Plaistowe,vplaistoweg0@github.com,Male,180.249.224.194
578,Charmane,Coutthart,ccoutthartg1@booking.com,Female,206.207.178.29
579,Shirline,Kick,skickg2@arstechnica.com,Female,103.215.108.87
580,Gannie,Bootland,gbootlandg3@dot.gov,Male,104.201.11.209
581,Anet,Boarder,aboarderg4@house.gov,Female,17.159.121.196
582,Anallise,Danilin,adaniling5@goo.ne.jp,Female,40.95.160.10
583,Buffy,Glanton,bglantong6@mysql.com,Female,188.141.210.175
584,Gale,Quilter,gquilterg7@angelfire.com,Male,129.84.49.76
585,Huntington,Chatwood,hchatwoodg8@google.com.au,Male,127.110.88.28
586,Jenni,MacCarter,jmaccarterg9@photobucket.com,Female,180.212.248.231
587,Andonis,Theze,athezega@vk.com,Male,149.85.104.230
588,Jordain,Monery,jmonerygb@biglobe.ne.jp,Female,198.74.215.250
589,Adorne,Ocheltree,aocheltreegc@washingtonpost.com,Female,155.9.135.207
590,Phillida,Spain,pspaingd@linkedin.com,Female,0.227.227.35
591,Johnathon,Simson,jsimsonge@sohu.com,Male,177.167.194.51
592,Helenelizabeth,Dewing,hdewinggf@dell.com,Female,170.29.101.49
593,Wayne,Zamora,wzamoragg@senate.gov,Male,167.40.233.244
594,Corey,Mincher,cminchergh@list-manage.com,Male,166.114.83.102
595,Noel,Thewlis,nthewlisgi@cnn.com,Female,167.123.159.97
596,Stanley,Timmons,stimmonsgj@apache.org,Male,149.231.107.80
597,Jourdan,Kennion,jkenniongk@multiply.com,Female,37.230.134.155
598,Mada,Packwood,mpackwoodgl@weebly.com,Female,233.111.145.189
599,Conrade,Rustidge,crustidgegm@jigsy.com,Male,239.96.185.5
600,Parry,Pilkinton,ppilkintongn@is.gd,Male,35.119.165.192
601,Pyotr,Jobbing,pjobbinggo@walmart.com,Male,15.110.139.83
602,Willdon,Sturt,wsturtgp@cbsnews.com,Male,105.212.83.150
603,Beck,Guerra,bguerragq@wikimedia.org,Male,58.172.204.90
604,Janifer,Wilber,jwilbergr@google.ca,Female,36.83.206.181
605,Nolie,Ville,nvillegs@privacy.gov.au,Female,43.218.142.103
606,Joy,Mozzetti,jmozzettigt@mit.edu,Female,85.187.251.32
607,Rolph,Filde,rfildegu@mlb.com,Male,233.110.57.206
608,Percy,Frude,pfrudegv@hud.gov,Male,87.248.242.28
609,Maxine,Strahan,mstrahangw@seattletimes.com,Female,200.206.199.27
610,Irena,Aronstam,iaronstamgx@salon.com,Female,173.21.253.32
611,Marni,Spancock,mspancockgy@ezinearticles.com,Female,191.3.125.131
612,Faye,Filipowicz,ffilipowiczgz@go.com,Female,222.103.188.222
613,Aimil,MacNulty,amacnultyh0@google.nl,Female,161.228.0.46
614,Judd,Fache,jfacheh1@youku.com,Male,4.43.174.230
615,Ned,Fadden,nfaddenh2@zdnet.com,Male,227.45.174.241
616,Danette,Skentelbury,dskentelburyh3@dion.ne.jp,Female,31.221.144.105
617,Seamus,Hamprecht,shamprechth4@msn.com,Male,51.250.158.167
618,Dora,Lapthorne,dlapthorneh5@springer.com,Female,34.35.206.99
619,Letti,Portail,lportailh6@hibu.com,Female,102.6.84.33
620,Hadley,Aronovich,haronovichh7@uol.com.br,Male,171.177.214.133
621,Jesus,Tesh,jteshh8@adobe.com,Male,150.246.73.115
622,Rebecka,Beddo,rbeddoh9@elegantthemes.com,Female,233.196.246.252
623,Angelique,Guitel,aguitelha@zimbio.com,Female,209.107.114.16
624,Vally,Upham,vuphamhb@artisteer.com,Female,164.171.208.172
625,Bobbi,Blockey,bblockeyhc@mlb.com,Female,227.138.101.83
626,Horatio,Riteley,hriteleyhd@craigslist.org,Male,100.106.162.101
627,Krispin,Lintin,klintinhe@sphinn.com,Male,237.27.154.108
628,Lavena,Gut,lguthf@google.com,Female,242.30.32.176
629,Ree,Goodlad,rgoodladhg@yale.edu,Female,40.184.16.223
630,Bartholomeo,Winterbourne,bwinterbournehh@ow.ly,Male,131.198.137.1
631,Osmond,Bendtsen,obendtsenhi@arizona.edu,Male,214.253.250.238
632,Shalom,Grimestone,sgrimestonehj@blogspot.com,Male,186.245.174.115
633,Pamelina,Sly,pslyhk@nba.com,Female,29.228.38.117
634,Rochell,Hearley,rhearleyhl@cbsnews.com,Female,180.120.125.119
635,Jewell,Jameson,jjamesonhm@epa.gov,Female,144.104.201.192
636,Thain,Wudeland,twudelandhn@quantcast.com,Male,167.223.201.71
637,Hercules,Garfoot,hgarfootho@bizjournals.com,Male,224.13.69.210
638,Mikel,Westmancoat,mwestmancoathp@imgur.com,Male,95.137.155.105
639,Tommie,Deneve,tdenevehq@rediff.com,Male,59.140.13.50
640,Tonya,Wheelton,twheeltonhr@auda.org.au,Female,84.53.126.104
641,Zachary,Paulson,zpaulsonhs@parallels.com,Male,134.41.213.41
642,Aluin,Ambroise,aambroiseht@booking.com,Male,217.69.41.240
643,Lydia,Bull,lbullhu@disqus.com,Female,253.229.33.160
644,Noell,Mularkey,nmularkeyhv@msn.com,Female,215.140.123.167
645,Aubrey,Scotson,ascotsonhw@state.tx.us,Male,202.148.84.221
646,Nike,Ianiello,nianiellohx@utexas.edu,Female,244.245.57.163
647,Ericka,Kleinsinger,ekleinsingerhy@devhub.com,Female,89.43.108.143
648,Jessee,Troubridge,jtroubridgehz@geocities.jp,Male,14.113.82.230
649,Claudie,Greser,cgreseri0@bbc.co.uk,Female,60.195.7.154
650,Balduin,Leyton,bleytoni1@nih.gov,Male,143.233.25.147
651,Patricio,Philimore,pphilimorei2@zdnet.com,Male,128.30.60.112
652,Loren,Truckett,ltrucketti3@rambler.ru,Male,18.67.208.174
653,Blinni,Withur,bwithuri4@biglobe.ne.jp,Female,18.166.255.249
654,Rosalia,Rowler,rrowleri5@examiner.com,Female,94.109.232.114
655,Jelene,Catenot,jcatenoti6@dyndns.org,Female,80.188.191.224
656,Garry,Boc,gboci7@mashable.com,Male,193.31.6.46
657,Towny,Beacroft,tbeacrofti8@rediff.com,Male,68.161.192.44
658,Georgie,Chittey,gchitteyi9@posterous.com,Male,248.109.248.126
659,Belicia,Payn,bpaynia@cloudflare.com,Female,186.70.149.208
660,Marian,Eardley,meardleyib@parallels.com,Female,137.254.118.204
661,Anabella,Giveen,agiveenic@instagram.com,Female,130.23.91.25
662,Eziechiele,Wollard,ewollardid@boston.com,Male,217.36.122.58
663,Onfre,Laible,olaibleie@webmd.com,Male,208.241.45.184
664,Gustavo,Labbati,glabbatiif@networkadvertising.org,Male,209.151.214.173
665,Jose,Masser,jmasserig@elegantthemes.com,Male,143.237.253.155
666,Dud,Labone,dlaboneih@nsw.gov.au,Male,5.138.194.181
667,Gay,Rain,grainii@addthis.com,Female,114.82.94.117
668,Tymothy,Godson,tgodsonij@mashable.com,Male,141.161.36.251
669,Standford,Manville,smanvilleik@admin.ch,Male,136.55.203.172
670,Kim,Cluckie,kcluckieil@auda.org.au,Female,232.228.121.72
671,Clari,Seeks,cseeksim@instagram.com,Female,127.176.75.66
672,Zebedee,Corro,zcorroin@dot.gov,Male,185.17.197.240
673,Deena,Wegener,dwegenerio@blogtalkradio.com,Female,0.89.215.89
674,Perry,Shillingford,pshillingfordip@amazon.com,Male,182.15.7.161
675,Johnna,Ives,jivesiq@reuters.com,Female,173.217.159.243
676,Nikki,Damato,ndamatoir@businessweek.com,Male,81.73.112.222
677,Maurice,De Maria,mdemariais@oracle.com,Male,83.215.134.64
678,Tommy,Alven,talvenit@geocities.jp,Male,158.201.150.212
679,Gusti,Lindegard,glindegardiu@digg.com,Female,101.230.224.246
680,Merle,Buxam,mbuxamiv@networkadvertising.org,Female,186.161.246.9
681,Augustus,Attow,aattowiw@twitpic.com,Male,29.3.102.14
682,Kesley,Taill,ktaillix@jugem.jp,Female,206.141.149.9
683,Antonina,Broadwood,abroadwoodiy@kickstarter.com,Female,248.60.66.122
684,Xever,McMennum,xmcmennumiz@amazonaws.com,Male,80.148.138.200
685,Minni,Craddy,mcraddyj0@bing.com,Female,64.135.212.69
686,Solly,Wherrett,swherrettj1@canalblog.com,Male,41.246.212.163
687,Ketti,Mellem,kmellemj2@hud.gov,Female,240.45.82.118
688,Orrin,Triggle,otrigglej3@people.com.cn,Male,211.191.185.83
689,Margot,Phorsby,mphorsbyj4@patch.com,Female,165.130.75.241
690,Trudi,Jiracek,tjiracekj5@ca.gov,Female,144.157.63.125
691,Puff,Doyle,pdoylej6@patch.com,Male,245.123.63.134
692,Boony,Dowsing,bdowsingj7@shutterfly.com,Male,194.0.215.57
693,Queenie,Dutch,qdutchj8@intel.com,Female,226.169.66.167
694,Ynes,Zoppo,yzoppoj9@etsy.com,Female,170.222.171.196
695,Harcourt,Luckcuck,hluckcuckja@nature.com,Male,81.93.192.101
696,Estrella,Knowler,eknowlerjb@dmoz.org,Female,228.110.230.121
697,Elysha,Oddy,eoddyjc@ezinearticles.com,Female,169.246.241.147
698,Mag,Wick,mwickjd@hugedomains.com,Female,66.205.176.52
699,Rodina,Lebond,rlebondje@gov.uk,Female,186.175.248.117
700,Godfrey,Curd,gcurdjf@newyorker.com,Male,176.67.127.30
701,Loren,O'Sharry,losharryjg@shinystat.com,Male,102.248.97.244
702,Madelaine,Krauze,mkrauzejh@irs.gov,Female,189.192.155.159
703,Sarita,Hallows,shallowsji@soundcloud.com,Female,114.216.139.167
704,Merralee,Fairbanks,mfairbanksjj@businessinsider.com,Female,150.147.255.206
705,Arv,Hitschke,ahitschkejk@usgs.gov,Male,112.62.85.39
706,Cirilo,Stanesby,cstanesbyjl@globo.com,Male,199.68.59.69
707,Vergil,Bateman,vbatemanjm@amazon.co.jp,Male,229.74.160.222
708,Yasmin,Stanlake,ystanlakejn@tinypic.com,Female,86.168.78.187
709,Maxwell,Arnaudet,marnaudetjo@mail.ru,Male,45.15.172.2
710,Marita,Kienzle,mkienzlejp@freewebs.com,Female,226.207.206.38
711,Dorice,Hindshaw,dhindshawjq@51.la,Female,144.112.133.132
712,Anitra,MacKill,amackilljr@yale.edu,Female,75.46.82.47
713,Sile,Hudghton,shudghtonjs@paginegialle.it,Female,204.74.33.164
714,Laughton,Trevan,ltrevanjt@51.la,Male,222.88.249.18
715,Nicolette,Frenzl,nfrenzlju@biblegateway.com,Female,24.186.8.144
716,Sascha,Such,ssuchjv@reuters.com,Female,139.101.198.61
717,Cletis,Wilsdon,cwilsdonjw@surveymonkey.com,Male,15.239.59.156
718,Livvyy,Bispham,lbisphamjx@shop-pro.jp,Female,33.23.245.139
719,Desmond,Colleton,dcolletonjy@reference.com,Male,75.87.117.108
720,Kippy,Mac Giany,kmacgianyjz@cdbaby.com,Female,71.131.254.102
721,Jarib,Cussen,jcussenk0@vistaprint.com,Male,11.87.99.234
722,Richmond,Figgen,rfiggenk1@about.com,Male,207.224.69.111
723,Roy,Leak,rleakk2@wikipedia.org,Male,235.34.239.157
724,Charmain,Libby,clibbyk3@nyu.edu,Female,168.231.248.46
725,Germaine,Tingly,gtinglyk4@qq.com,Male,215.151.237.239
726,Tirrell,Beidebeke,tbeidebekek5@discovery.com,Male,122.201.16.186
727,Penrod,Rattery,pratteryk6@skyrock.com,Male,81.16.133.30
728,Constantine,Menci,cmencik7@answers.com,Female,204.63.179.204
729,Tine,Belin,tbelink8@mail.ru,Female,213.81.34.233
730,Cristian,Gipson,cgipsonk9@hud.gov,Male,55.9.97.247
731,Sutton,Pendleberry,spendleberryka@yelp.com,Male,81.62.204.252
732,Jillie,Worge,jworgekb@msu.edu,Female,194.141.234.5
733,Serena,Plaice,splaicekc@mysql.com,Female,58.160.210.162
734,Maureene,Kinsella,mkinsellakd@nih.gov,Female,77.186.243.175
735,Whitney,Mabbott,wmabbottke@dagondesign.com,Female,122.64.37.48
736,Hillier,Risdale,hrisdalekf@cmu.edu,Male,148.244.218.252
737,Linnie,Chastenet,lchastenetkg@nature.com,Female,122.135.82.142
738,Minda,Michal,mmichalkh@blogs.com,Female,94.186.236.188
739,Annelise,Nerney,anerneyki@state.gov,Female,187.172.113.230
740,Bax,Sandbatch,bsandbatchkj@sfgate.com,Male,104.188.9.175
741,Patton,McCalum,pmccalumkk@ow.ly,Male,216.207.51.188
742,Roseline,Sawdon,rsawdonkl@webnode.com,Female,79.181.195.160
743,Graham,Habershon,ghabershonkm@unesco.org,Male,111.190.128.182
744,Thea,Biasioni,tbiasionikn@dedecms.com,Female,223.98.83.223
745,Riki,Ybarra,rybarrako@blogspot.com,Female,203.164.167.85
746,Felic,Towell,ftowellkp@tinyurl.com,Male,191.33.211.150
747,Stephana,Spere,ssperekq@photobucket.com,Female,206.162.227.75
748,Harv,Scholard,hscholardkr@myspace.com,Male,37.174.192.52
749,Sibelle,Dorrity,sdorrityks@sourceforge.net,Female,63.250.255.204
750,Yurik,Manketell,ymanketellkt@unicef.org,Male,205.196.225.202
751,Susy,Bartomieu,sbartomieuku@gov.uk,Female,120.37.173.245
752,Alix,Radleigh,aradleighkv@netscape.com,Female,142.138.180.115
753,Thomasin,Balazot,tbalazotkw@washingtonpost.com,Female,166.227.218.67
754,Arlen,Dowty,adowtykx@skyrock.com,Male,141.15.8.58
755,Bord,Bernholt,bbernholtky@samsung.com,Male,183.107.208.125
756,Val,Tomasicchio,vtomasicchiokz@over-blog.com,Male,81.127.145.68
757,Jobye,Matashkin,jmatashkinl0@fda.gov,Female,163.16.100.242
758,Anastasie,Orhtmann,aorhtmannl1@who.int,Female,88.182.88.110
759,Ibby,Jzhakov,ijzhakovl2@xing.com,Female,190.250.105.99
760,Lorita,Brankley,lbrankleyl3@godaddy.com,Female,242.114.156.77
761,Yves,Brodeur,ybrodeurl4@tumblr.com,Male,193.167.213.135
762,Chandra,Cowpertwait,ccowpertwaitl5@simplemachines.org,Female,215.114.146.179
763,Alley,Gwinnel,agwinnell6@macromedia.com,Male,81.191.41.225
764,Salvador,Abrashkin,sabrashkinl7@prweb.com,Male,244.138.55.137
765,Kelley,Blakelock,kblakelockl8@sfgate.com,Female,118.85.2.23
766,Scottie,MacTrustie,smactrustiel9@jiathis.com,Male,126.161.59.106
767,Hillary,Yielding,hyieldingla@independent.co.uk,Female,178.187.176.212
768,Maurice,Loeber,mloeberlb@paypal.com,Male,105.232.220.65
769,Jillian,Sorey,jsoreylc@xinhuanet.com,Female,43.201.39.116
770,Sophie,Dalinder,sdalinderld@e-recht24.de,Female,37.159.226.56
771,Auberon,Siebart,asiebartle@nih.gov,Male,96.153.92.71
772,Crysta,Belverstone,cbelverstonelf@sfgate.com,Female,29.198.68.171
773,Brander,Jensen,bjensenlg@about.me,Male,155.230.115.56
774,Jillana,Gobeau,jgobeaulh@thetimes.co.uk,Female,73.232.240.64
775,Gabrielle,Odger,godgerli@hugedomains.com,Female,216.241.122.106
776,Maximilien,Binion,mbinionlj@simplemachines.org,Male,20.171.240.155
777,Lyndsie,Treppas,ltreppaslk@163.com,Female,136.94.104.198
778,Pacorro,Trembey,ptrembeyll@java.com,Male,226.161.21.204
779,Skye,Cheal,scheallm@youtu.be,Male,82.130.64.212
780,Berthe,Mallabund,bmallabundln@cyberchimps.com,Female,152.51.245.27
781,Breanne,Jillett,bjillettlo@dedecms.com,Female,110.76.168.100
782,Ursa,Crust,ucrustlp@shareasale.com,Female,12.34.66.54
783,Johnette,Teeney,jteeneylq@weather.com,Female,122.82.199.25
784,Emeline,Templeton,etempletonlr@jimdo.com,Female,218.189.126.200
785,Adiana,Chaunce,achauncels@yellowbook.com,Female,39.221.176.115
786,Bobbe,Teager,bteagerlt@xing.com,Female,242.247.231.170
787,Paquito,Francesconi,pfrancesconilu@woothemes.com,Male,0.241.201.241
788,Waneta,Dunkirk,wdunkirklv@amazon.co.uk,Female,49.30.88.194
789,Lorita,Enriques,lenriqueslw@imdb.com,Female,14.184.56.235
790,Myrwyn,Wilder,mwilderlx@nbcnews.com,Male,29.147.110.42
791,Corella,Meachem,cmeachemly@unblog.fr,Female,157.64.230.123
792,Jud,Greening,jgreeninglz@cloudflare.com,Male,238.80.49.111
793,Patric,McAlister,pmcalisterm0@facebook.com,Male,106.143.32.188
794,Sebastien,Haggett,shaggettm1@baidu.com,Male,219.252.54.249
795,Edeline,Welsh,ewelshm2@europa.eu,Female,62.165.90.253
796,Ogden,Arlow,oarlowm3@house.gov,Male,244.159.74.27
797,Roddy,Bentsen,rbentsenm4@shinystat.com,Male,178.107.66.4
798,Dareen,Jiruch,djiruchm5@blog.com,Female,51.136.200.149
799,Edik,Dobrowski,edobrowskim6@delicious.com,Male,74.227.153.247
800,Godfry,Brotherhood,gbrotherhoodm7@npr.org,Male,51.56.48.196
801,Benedetto,Martino,bmartinom8@geocities.jp,Male,232.132.229.153
802,Ofella,Perelli,operellim9@ftc.gov,Female,150.246.155.114
803,Marja,Sawley,msawleyma@berkeley.edu,Female,22.118.149.97
804,Vonny,Roseaman,vroseamanmb@newsvine.com,Female,144.180.245.219
805,Adelind,Djuricic,adjuricicmc@google.co.uk,Female,25.223.175.62
806,Daloris,Trollope,dtrollopemd@unblog.fr,Female,178.230.184.157
807,Federico,Deroche,fderocheme@patch.com,Male,201.179.203.8
808,Cinda,Benedicte,cbenedictemf@merriam-webster.com,Female,71.134.96.197
809,Franciskus,Blackman,fblackmanmg@seesaa.net,Male,182.171.26.61
810,Caroline,Tumioto,ctumiotomh@bloglines.com,Female,24.59.7.165
811,Phillip,Druett,pdruettmi@chron.com,Male,27.215.126.30
812,Kory,Dwerryhouse,kdwerryhousemj@yandex.ru,Male,35.43.166.7
813,Lorinda,Asgodby,lasgodbymk@sohu.com,Female,160.56.80.22
814,Jaquelyn,Dance,jdanceml@accuweather.com,Female,58.214.203.242
815,Finlay,Marzelle,fmarzellemm@blogger.com,Male,255.56.124.152
816,Ernie,Pledger,epledgermn@themeforest.net,Male,131.43.244.48
817,Doralyn,Raoult,draoultmo@wisc.edu,Female,31.111.183.239
818,Ronnica,Droogan,rdrooganmp@eepurl.com,Female,56.245.255.248
819,Gar,Leighfield,gleighfieldmq@t-online.de,Male,166.119.36.178
820,Warde,Murcutt,wmurcuttmr@gizmodo.com,Male,75.132.214.248
821,Zuzana,Learmonth,zlearmonthms@nps.gov,Female,203.211.188.227
822,Cornell,Twaite,ctwaitemt@pagesperso-orange.fr,Male,180.101.250.54
823,Sibby,Lackham,slackhammu@1688.com,Female,71.128.61.15
824,Hanna,Gumbrell,hgumbrellmv@infoseek.co.jp,Female,5.82.98.146
825,Harmonia,Purshouse,hpurshousemw@ibm.com,Female,49.70.54.196
826,Christie,Debenham,cdebenhammx@shutterfly.com,Male,177.188.91.197
827,Herve,Cutajar,hcutajarmy@gmpg.org,Male,157.183.82.211
828,Martie,Keel,mkeelmz@nydailynews.com,Male,129.199.123.30
829,Layla,Habeshaw,lhabeshawn0@nytimes.com,Female,90.168.103.156
830,Ethelred,Rubartelli,erubartellin1@chron.com,Male,5.208.21.57
831,Giles,Mattusov,gmattusovn2@epa.gov,Male,166.131.57.90
832,Morris,Ranaghan,mranaghann3@google.com.br,Male,85.66.172.119
833,Pauli,Blare,pblaren4@bbb.org,Female,204.184.70.137
834,Libby,Saynor,lsaynorn5@go.com,Female,126.201.60.39
835,Dalis,Usmar,dusmarn6@google.co.jp,Male,31.114.137.184
836,Mariquilla,Matiewe,mmatiewen7@sciencedirect.com,Female,69.251.226.171
837,Lesley,Galgey,lgalgeyn8@de.vu,Female,43.38.160.110
838,Stevana,Peever,speevern9@vinaora.com,Female,134.123.101.118
839,Anatollo,Fishbie,afishbiena@linkedin.com,Male,14.189.112.35
840,Sargent,Latham,slathamnb@vimeo.com,Male,198.28.149.221
841,Saundra,Hudel,shudelnc@surveymonkey.com,Female,126.125.230.242
842,Teddie,Canti,tcantind@squarespace.com,Male,147.28.81.185
843,Cornela,Gartery,cgarteryne@geocities.jp,Female,247.40.146.81
844,Ralf,Allam,rallamnf@uol.com.br,Male,187.250.153.112
845,Claudina,Dorro,cdorrong@newsvine.com,Female,217.167.74.122
846,Winifield,McGuffie,wmcguffienh@tmall.com,Male,91.199.240.16
847,Blanca,Riches,brichesni@foxnews.com,Female,67.182.189.155
848,Iorgos,Bril,ibrilnj@walmart.com,Male,61.33.101.11
849,Virge,Saddington,vsaddingtonnk@addthis.com,Male,74.165.99.103
850,Carey,Parrot,cparrotnl@zdnet.com,Female,12.69.180.147
851,Verina,Ollenbuttel,vollenbuttelnm@nifty.com,Female,233.137.129.241
852,Hadrian,Hamman,hhammannn@mashable.com,Male,78.106.24.225
853,Justen,Isles,jislesno@unesco.org,Male,59.187.152.65
854,Lezley,Quarry,lquarrynp@comsenz.com,Male,247.130.96.16
855,Nicko,Gilston,ngilstonnq@odnoklassniki.ru,Male,106.209.108.20
856,Correy,Leyman,cleymannr@facebook.com,Male,128.160.167.94
857,Mallory,McCaster,mmccasterns@aol.com,Female,40.45.124.108
858,Creight,Logue,cloguent@weather.com,Male,151.117.164.252
859,Arnaldo,Labes,alabesnu@sfgate.com,Male,87.176.143.95
860,Oliy,Critchard,ocritchardnv@indiegogo.com,Female,167.242.252.201
861,Rurik,Fincke,rfinckenw@stumbleupon.com,Male,126.101.180.208
862,Fonz,Danforth,fdanforthnx@mail.ru,Male,8.242.32.127
863,Delphinia,Primo,dprimony@webmd.com,Female,176.136.87.50
864,Stanwood,Duckerin,sduckerinnz@businessweek.com,Male,163.178.145.244
865,Danya,Andryszczak,dandryszczako0@flickr.com,Male,238.73.135.12
866,Alvinia,Shadfourth,ashadfourtho1@tiny.cc,Female,139.180.3.99
867,Carol-jean,Smithen,csmitheno2@jugem.jp,Female,163.98.74.44
868,Katerine,Bleibaum,kbleibaumo3@twitter.com,Female,40.88.14.27
869,Theo,Martinez,tmartinezo4@prnewswire.com,Male,208.65.39.61
870,Aaron,Ewbanks,aewbankso5@census.gov,Male,39.150.255.198
871,Hillie,Arpe,harpeo6@omniture.com,Male,135.246.229.23
872,Jamison,Jakobsson,jjakobssono7@ning.com,Male,28.156.178.84
873,Roanne,Coatts,rcoattso8@yellowbook.com,Female,123.124.95.40
874,Kimberlee,Manuello,kmanuelloo9@photobucket.com,Female,35.53.205.107
875,Teodoor,Raimbauld,traimbauldoa@dot.gov,Male,6.128.206.97
876,Bogart,Brack,bbrackob@livejournal.com,Male,198.115.19.255
877,Ellissa,MacAloren,emacalorenoc@cyberchimps.com,Female,146.140.67.87
878,Nikki,Olorenshaw,nolorenshawod@gov.uk,Female,136.143.80.51
879,Corny,Schnitter,cschnitteroe@lycos.com,Female,252.28.186.152
880,Leta,MacKinnon,lmackinnonof@icq.com,Female,64.146.58.148
881,Andris,Norrington,anorringtonog@va.gov,Male,58.57.18.163
882,Carleen,Oakeby,coakebyoh@bluehost.com,Female,68.1.134.90
883,Florencia,Trobey,ftrobeyoi@tripod.com,Female,86.232.131.210
884,Osborn,Bausor,obausoroj@spotify.com,Male,8.22.51.5
885,Lea,Becerra,lbecerraok@bigcartel.com,Female,48.215.170.216
886,Madalena,Santen,msantenol@independent.co.uk,Female,127.171.47.139
887,Elnar,Hargrove,ehargroveom@toplist.cz,Male,162.62.113.43
888,Tan,Reubbens,treubbenson@360.cn,Male,27.28.40.56
889,Tulley,Andreopolos,tandreopolosoo@behance.net,Male,73.202.69.4
890,Chickie,Paulou,cpaulouop@cafepress.com,Male,174.215.246.132
891,Brinn,Danigel,bdanigeloq@oaic.gov.au,Female,24.2.155.213
892,Therine,Cristofvao,tcristofvaoor@hexun.com,Female,235.239.187.34
893,Odelle,Pilcher,opilcheros@gmpg.org,Female,8.134.100.232
894,Lina,Kippen,lkippenot@chicagotribune.com,Female,182.56.35.168
895,Denny,Erwin,derwinou@hao123.com,Female,24.70.169.171
896,Piggy,De la Harpe,pdelaharpeov@biglobe.ne.jp,Male,244.226.240.145
897,Thorsten,Bosnell,tbosnellow@blogspot.com,Male,97.156.26.29
898,Renaud,Corragan,rcorraganox@ted.com,Male,221.67.178.57
899,Giustino,Keedy,gkeedyoy@artisteer.com,Male,208.200.213.113
900,Catherine,Cuskery,ccuskeryoz@hubpages.com,Female,145.170.42.178
901,Lindsay,Piborn,lpibornp0@mozilla.org,Female,108.164.30.3
902,Zabrina,Riep,zriepp1@facebook.com,Female,65.196.245.222
903,Krystal,Westpfel,kwestpfelp2@people.com.cn,Female,222.187.160.224
904,Conrade,Mawer,cmawerp3@cnn.com,Male,91.217.236.159
905,Binky,Righy,brighyp4@oaic.gov.au,Male,187.5.32.123
906,Hewie,Killeen,hkilleenp5@chicagotribune.com,Male,34.23.192.85
907,Chlo,Weson,cwesonp6@google.ca,Female,243.31.215.153
908,Mirabella,Skoate,mskoatep7@hp.com,Female,50.130.141.67
909,Winslow,Suermeier,wsuermeierp8@cbsnews.com,Male,101.10.5.198
910,Gaile,Ritchman,gritchmanp9@whitehouse.gov,Male,235.215.210.131
911,Malory,Burchatt,mburchattpa@ca.gov,Female,69.76.122.20
912,Sasha,Rosenvasser,srosenvasserpb@sitemeter.com,Female,34.217.32.129
913,Annissa,Deviney,adevineypc@webnode.com,Female,152.55.191.176
914,Odelle,Zipsell,ozipsellpd@mit.edu,Female,237.111.235.138
915,Sheridan,Tinto,stintope@jalbum.net,Male,126.181.115.148
916,Juieta,Bierling,jbierlingpf@techcrunch.com,Female,42.243.13.129
917,Evvy,Gniewosz,egniewoszpg@youku.com,Female,48.204.163.206
918,Deina,Wynn,dwynnph@twitter.com,Female,11.149.207.208
919,Katti,Corking,kcorkingpi@naver.com,Female,50.129.135.27
920,Chip,Lomond,clomondpj@diigo.com,Male,211.137.76.95
921,Amory,Ricardon,aricardonpk@discuz.net,Male,136.56.171.176
922,Marne,Trawin,mtrawinpl@themeforest.net,Female,215.228.49.105
923,Tabitha,Senyard,tsenyardpm@themeforest.net,Female,20.47.88.130
924,Linn,Barrow,lbarrowpn@moonfruit.com,Female,124.32.206.87
925,Derron,Raraty,draratypo@cbc.ca,Male,36.244.35.54
926,Courtenay,Maudson,cmaudsonpp@mlb.com,Female,210.84.154.170
927,Emmalee,Annett,eannettpq@nydailynews.com,Female,254.217.22.247
928,Tedda,Linthead,tlintheadpr@php.net,Female,28.186.96.224
929,Audry,Cauthra,acauthraps@dedecms.com,Female,238.171.153.75
930,Udell,Rounding,uroundingpt@addtoany.com,Male,88.177.153.170
931,Neila,Ingley,ningleypu@sakura.ne.jp,Female,11.50.215.225
932,Murray,Emmett,memmettpv@yolasite.com,Male,16.192.69.194
933,Marla,Martinet,mmartinetpw@vinaora.com,Female,30.51.143.214
934,Andriana,Jedrzejczak,ajedrzejczakpx@reverbnation.com,Female,158.130.18.84
935,Ursa,Warwicker,uwarwickerpy@state.tx.us,Female,211.139.130.63
936,Olivier,Placido,oplacidopz@oracle.com,Male,148.62.5.96
937,Egan,Costellow,ecostellowq0@cdbaby.com,Male,19.190.107.107
938,Belle,Massenhove,bmassenhoveq1@zimbio.com,Female,77.113.206.6
939,Kaylil,Chopin,kchopinq2@amazon.co.uk,Female,142.251.7.134
940,Jeffry,Olver,jolverq3@google.com.hk,Male,116.216.142.156
941,Harland,Willford,hwillfordq4@wikispaces.com,Male,227.211.127.73
942,Elias,Roantree,eroantreeq5@yolasite.com,Male,55.27.179.161
943,Maurine,Goldwater,mgoldwaterq6@eventbrite.com,Female,158.240.49.252
944,Dionne,Bortoletti,dbortolettiq7@sfgate.com,Female,218.119.207.29
945,Corabelle,Colgan,ccolganq8@tinypic.com,Female,27.207.69.116
946,Brice,Denton,bdentonq9@csmonitor.com,Male,213.61.4.185
947,Geralda,Lober,globerqa@seattletimes.com,Female,236.55.75.216
948,Guthrey,Witherby,gwitherbyqb@mlb.com,Male,202.70.13.77
949,Orion,Norssister,onorssisterqc@delicious.com,Male,130.34.215.186
950,Melissa,Kasparski,mkasparskiqd@free.fr,Female,185.143.242.161
951,Milicent,Savins,msavinsqe@technorati.com,Female,89.216.91.3
952,Denis,Thomson,dthomsonqf@mlb.com,Male,53.135.103.231
953,Drud,Castello,dcastelloqg@twitpic.com,Male,66.120.28.131
954,Stearne,Elwill,selwillqh@typepad.com,Male,38.190.204.66
955,Kerr,Espinos,kespinosqi@miitbeian.gov.cn,Male,7.18.8.14
956,Zorana,McCrie,zmccrieqj@examiner.com,Female,61.98.226.33
957,Con,Hellier,chellierqk@abc.net.au,Female,218.165.79.142
958,Gavin,Spreadbury,gspreadburyql@blogs.com,Male,72.198.74.19
959,Danie,Cana,dcanaqm@nature.com,Male,54.207.15.22
960,Marysa,Ormistone,mormistoneqn@eventbrite.com,Female,78.112.144.242
961,Dylan,Breadmore,dbreadmoreqo@princeton.edu,Male,241.7.23.58
962,Rainer,Ivins,rivinsqp@dion.ne.jp,Male,52.218.163.137
963,Frayda,Flode,fflodeqq@canalblog.com,Female,197.97.27.218
964,Bernita,Battle,bbattleqr@geocities.com,Female,145.143.191.74
965,Palm,Vail,pvailqs@chron.com,Male,18.34.16.19
966,Tannie,Allpress,tallpressqt@wikispaces.com,Male,196.86.200.214
967,Vannie,Saylor,vsaylorqu@fastcompany.com,Female,68.254.237.232
968,Eddie,Cockell,ecockellqv@hubpages.com,Male,149.183.53.250
969,Wolfy,Lanfare,wlanfareqw@usda.gov,Male,151.10.227.183
970,Torie,O'Cridigan,tocridiganqx@indiegogo.com,Female,163.180.124.159
971,Rowen,Cleminson,rcleminsonqy@sun.com,Male,196.19.12.86
972,Horatia,Eede,heedeqz@businesswire.com,Female,182.205.45.137
973,Ferdie,Wingatt,fwingattr0@com.com,Male,49.243.98.95
974,Benita,Quant,bquantr1@usgs.gov,Female,217.75.131.93
975,Fredrika,Minghetti,fminghettir2@gravatar.com,Female,141.174.71.167
976,Romy,Lebell,rlebellr3@hibu.com,Female,231.46.84.168
977,Alexandre,Margrie,amargrier4@columbia.edu,Male,169.240.236.227
978,Novelia,Anthonies,nanthoniesr5@illinois.edu,Female,125.119.17.162
979,Massimiliano,Fentem,mfentemr6@apple.com,Male,51.8.1.192
980,Debby,Farny,dfarnyr7@de.vu,Female,154.198.245.23
981,Theo,McBain,tmcbainr8@mashable.com,Male,45.183.81.196
982,Lockwood,Shine,lshiner9@dagondesign.com,Male,140.171.214.49
983,Claude,Norville,cnorvillera@jugem.jp,Female,79.233.66.32
984,Ramonda,Colliber,rcolliberrb@whitehouse.gov,Female,84.39.2.252
985,Zacherie,Gulliford,zgullifordrc@bigcartel.com,Male,173.22.225.2
986,Hamnet,Snowsill,hsnowsillrd@wix.com,Male,10.88.40.70
987,Petrina,Banat,pbanatre@hubpages.com,Female,153.190.128.15
988,Perri,Campa,pcamparf@tinyurl.com,Female,232.18.150.196
989,Isabel,Gibbonson,igibbonsonrg@yelp.com,Female,147.224.159.135
990,Towney,Lanham,tlanhamrh@wix.com,Male,95.171.124.148
991,Cullan,Avis,cavisri@cnn.com,Male,151.19.238.204
992,Falito,Pley,fpleyrj@privacy.gov.au,Male,127.47.41.207
993,Almira,Mollnar,amollnarrk@ft.com,Female,109.8.0.96
994,Hersch,Furney,hfurneyrl@goo.gl,Male,104.41.205.171
995,Alice,Wanek,awanekrm@github.com,Female,60.66.23.142
996,Doe,Brearton,dbreartonrn@jigsy.com,Female,171.49.188.253
997,Vasilis,Dreschler,vdreschlerro@dailymotion.com,Male,18.236.0.155
998,Nickolai,Lamplough,nlamploughrp@japanpost.jp,Male,161.190.232.24
999,Esdras,Musprat,emuspratrq@parallels.com,Male,221.15.165.165
1000,Anderson,Inworth,ainworthrr@archive.org,Male,255.202.252.248
